method,split,accuracy,precision,recall,f1,svm_train_time_s,encoder_time_s,encoder_params,svm_params,total_params,n_sv,n_features,n_train,n_val,n_test
TF-IDF,train,0.9960888392233552,0.9961369849597923,0.9947201635040691,0.9954242634025926,731.1158675999977,1.5383746000006795,500,3321235,3321735,6616,500,28636,8183,4092
TF-IDF,val,0.9770255407552243,0.9789968628444248,0.9705085288787728,0.974628899312291,731.1158675999977,1.5383746000006795,500,3321235,3321735,6616,500,28636,8183,4092
TF-IDF,test,0.9772727272727273,0.981969577553594,0.9690718401011784,0.9753416971004132,731.1158675999977,1.5383746000006795,500,3321235,3321735,6616,500,28636,8183,4092
Doc2Vec,train,0.9985333147087582,0.9990158205551856,0.9974899376744291,0.9982511335383362,214.97816980000061,164.17824180000025,2917600,507453,3425053,4975,100,28636,8183,4092
Doc2Vec,val,0.9795918367346939,0.9852879334839187,0.898339964556324,0.934725108128864,214.97816980000061,164.17824180000025,2917600,507453,3425053,4975,100,28636,8183,4092
Doc2Vec,test,0.9802052785923754,0.9858191968446768,0.9256531433260555,0.9524530419270674,214.97816980000061,164.17824180000025,2917600,507453,3425053,4975,100,28636,8183,4092
XLM-RoBERTa,train,0.9950761279508311,0.9952122108170899,0.9941807074611549,0.9946940373935615,315.36568380000244,4180.739385499997,278045955,3223223,281269178,4186,768,28636,8183,4092
XLM-RoBERTa,val,0.9798362458755957,0.980325033988647,0.977262248559963,0.9787703781096552,315.36568380000244,4180.739385499997,278045955,3223223,281269178,4186,768,28636,8183,4092
XLM-RoBERTa,test,0.9811827956989247,0.9813950074690155,0.9796814357226542,0.9805313855859815,315.36568380000244,4180.739385499997,278045955,3223223,281269178,4186,768,28636,8183,4092
